epoch,f1_score,loss,val_f1_score,val_loss
0,"""[tf.Tensor(0.0, shape=(), dtype=float32), tf.Tensor(0.0, shape=(), dtype=float32), tf.Tensor(0.0, shape=(), dtype=float32), tf.Tensor(0.0, shape=(), dtype=float32), tf.Tensor(0.0, shape=(), dtype=float32), tf.Tensor(0.0, shape=(), dtype=float32), tf.Tensor(0.0, shape=(), dtype=float32), tf.Tensor(0.0, shape=(), dtype=float32), tf.Tensor(0.0, shape=(), dtype=float32), tf.Tensor(0.0, shape=(), dtype=float32), tf.Tensor(0.0, shape=(), dtype=float32), tf.Tensor(0.0, shape=(), dtype=float32), tf.Tensor(0.0, shape=(), dtype=float32), tf.Tensor(0.0, shape=(), dtype=float32), tf.Tensor(0.0, shape=(), dtype=float32), tf.Tensor(0.0, shape=(), dtype=float32), tf.Tensor(0.0, shape=(), dtype=float32), tf.Tensor(0.0, shape=(), dtype=float32), tf.Tensor(0.0, shape=(), dtype=float32), tf.Tensor(0.0, shape=(), dtype=float32)]""",0.5928939580917358,"""[tf.Tensor(0.0, shape=(), dtype=float32), tf.Tensor(0.0, shape=(), dtype=float32), tf.Tensor(0.0, shape=(), dtype=float32), tf.Tensor(0.0, shape=(), dtype=float32), tf.Tensor(0.0, shape=(), dtype=float32), tf.Tensor(0.0, shape=(), dtype=float32), tf.Tensor(0.0, shape=(), dtype=float32), tf.Tensor(0.0, shape=(), dtype=float32), tf.Tensor(0.0, shape=(), dtype=float32), tf.Tensor(0.0, shape=(), dtype=float32), tf.Tensor(0.0, shape=(), dtype=float32), tf.Tensor(0.0, shape=(), dtype=float32), tf.Tensor(0.0, shape=(), dtype=float32), tf.Tensor(0.0, shape=(), dtype=float32), tf.Tensor(0.0, shape=(), dtype=float32), tf.Tensor(0.0, shape=(), dtype=float32), tf.Tensor(0.0, shape=(), dtype=float32), tf.Tensor(0.0, shape=(), dtype=float32), tf.Tensor(0.0, shape=(), dtype=float32), tf.Tensor(0.0, shape=(), dtype=float32)]""",0.6578628420829773
1,"""[tf.Tensor(0.6666666, shape=(), dtype=float32), tf.Tensor(0.0, shape=(), dtype=float32), tf.Tensor(0.0, shape=(), dtype=float32), tf.Tensor(0.2857142, shape=(), dtype=float32), tf.Tensor(0.79999995, shape=(), dtype=float32), tf.Tensor(0.0, shape=(), dtype=float32), tf.Tensor(0.0, shape=(), dtype=float32), tf.Tensor(0.0, shape=(), dtype=float32), tf.Tensor(0.0, shape=(), dtype=float32), tf.Tensor(0.0, shape=(), dtype=float32), tf.Tensor(0.0, shape=(), dtype=float32), tf.Tensor(0.33333328, shape=(), dtype=float32), tf.Tensor(0.0, shape=(), dtype=float32), tf.Tensor(0.0, shape=(), dtype=float32), tf.Tensor(0.0, shape=(), dtype=float32), tf.Tensor(0.0, shape=(), dtype=float32), tf.Tensor(0.0, shape=(), dtype=float32), tf.Tensor(0.0, shape=(), dtype=float32), tf.Tensor(0.0, shape=(), dtype=float32), tf.Tensor(0.0, shape=(), dtype=float32)]""",0.2975611090660095,"""[tf.Tensor(0.0, shape=(), dtype=float32), tf.Tensor(0.0, shape=(), dtype=float32), tf.Tensor(0.0, shape=(), dtype=float32), tf.Tensor(0.0, shape=(), dtype=float32), tf.Tensor(0.0, shape=(), dtype=float32), tf.Tensor(0.0, shape=(), dtype=float32), tf.Tensor(0.0, shape=(), dtype=float32), tf.Tensor(0.0, shape=(), dtype=float32), tf.Tensor(0.0, shape=(), dtype=float32), tf.Tensor(0.0, shape=(), dtype=float32), tf.Tensor(0.0, shape=(), dtype=float32), tf.Tensor(0.0, shape=(), dtype=float32), tf.Tensor(0.0, shape=(), dtype=float32), tf.Tensor(0.0, shape=(), dtype=float32), tf.Tensor(0.0, shape=(), dtype=float32), tf.Tensor(0.39999995, shape=(), dtype=float32), tf.Tensor(0.0, shape=(), dtype=float32), tf.Tensor(0.0, shape=(), dtype=float32), tf.Tensor(0.0, shape=(), dtype=float32), tf.Tensor(0.0, shape=(), dtype=float32)]""",0.5466711521148682
2,"""[tf.Tensor(0.0, shape=(), dtype=float32), tf.Tensor(0.0, shape=(), dtype=float32), tf.Tensor(0.0, shape=(), dtype=float32), tf.Tensor(0.33333328, shape=(), dtype=float32), tf.Tensor(1.0, shape=(), dtype=float32), tf.Tensor(0.66666657, shape=(), dtype=float32), tf.Tensor(0.0, shape=(), dtype=float32), tf.Tensor(0.0, shape=(), dtype=float32), tf.Tensor(0.0, shape=(), dtype=float32), tf.Tensor(0.0, shape=(), dtype=float32), tf.Tensor(0.0, shape=(), dtype=float32), tf.Tensor(0.66666657, shape=(), dtype=float32), tf.Tensor(0.33333328, shape=(), dtype=float32), tf.Tensor(0.9999998, shape=(), dtype=float32), tf.Tensor(0.0, shape=(), dtype=float32), tf.Tensor(0.6666666, shape=(), dtype=float32), tf.Tensor(0.0, shape=(), dtype=float32), tf.Tensor(0.0, shape=(), dtype=float32), tf.Tensor(0.0, shape=(), dtype=float32), tf.Tensor(0.0, shape=(), dtype=float32)]""",0.2199591100215912,"""[tf.Tensor(0.0, shape=(), dtype=float32), tf.Tensor(0.0, shape=(), dtype=float32), tf.Tensor(0.0, shape=(), dtype=float32), tf.Tensor(0.0, shape=(), dtype=float32), tf.Tensor(0.0, shape=(), dtype=float32), tf.Tensor(0.0, shape=(), dtype=float32), tf.Tensor(0.0, shape=(), dtype=float32), tf.Tensor(0.0, shape=(), dtype=float32), tf.Tensor(0.0, shape=(), dtype=float32), tf.Tensor(0.0, shape=(), dtype=float32), tf.Tensor(0.0, shape=(), dtype=float32), tf.Tensor(0.0, shape=(), dtype=float32), tf.Tensor(0.0, shape=(), dtype=float32), tf.Tensor(0.0, shape=(), dtype=float32), tf.Tensor(0.0, shape=(), dtype=float32), tf.Tensor(0.39999995, shape=(), dtype=float32), tf.Tensor(0.0, shape=(), dtype=float32), tf.Tensor(0.0, shape=(), dtype=float32), tf.Tensor(0.0, shape=(), dtype=float32), tf.Tensor(0.0, shape=(), dtype=float32)]""",0.42682647705078125
3,"""[tf.Tensor(0.0, shape=(), dtype=float32), tf.Tensor(0.0, shape=(), dtype=float32), tf.Tensor(0.0, shape=(), dtype=float32), tf.Tensor(0.0, shape=(), dtype=float32), tf.Tensor(1.0, shape=(), dtype=float32), tf.Tensor(0.0, shape=(), dtype=float32), tf.Tensor(0.0, shape=(), dtype=float32), tf.Tensor(0.0, shape=(), dtype=float32), tf.Tensor(0.0, shape=(), dtype=float32), tf.Tensor(0.0, shape=(), dtype=float32), tf.Tensor(0.0, shape=(), dtype=float32), tf.Tensor(0.0, shape=(), dtype=float32), tf.Tensor(0.28571424, shape=(), dtype=float32), tf.Tensor(0.9999998, shape=(), dtype=float32), tf.Tensor(0.0, shape=(), dtype=float32), tf.Tensor(1.0, shape=(), dtype=float32), tf.Tensor(0.0, shape=(), dtype=float32), tf.Tensor(0.0, shape=(), dtype=float32), tf.Tensor(0.0, shape=(), dtype=float32), tf.Tensor(0.49999994, shape=(), dtype=float32)]""",0.23864588141441345,"""[tf.Tensor(0.0, shape=(), dtype=float32), tf.Tensor(0.0, shape=(), dtype=float32), tf.Tensor(0.0, shape=(), dtype=float32), tf.Tensor(0.39999995, shape=(), dtype=float32), tf.Tensor(0.0, shape=(), dtype=float32), tf.Tensor(0.0, shape=(), dtype=float32), tf.Tensor(0.0, shape=(), dtype=float32), tf.Tensor(0.0, shape=(), dtype=float32), tf.Tensor(0.0, shape=(), dtype=float32), tf.Tensor(0.0, shape=(), dtype=float32), tf.Tensor(0.0, shape=(), dtype=float32), tf.Tensor(0.0, shape=(), dtype=float32), tf.Tensor(0.0, shape=(), dtype=float32), tf.Tensor(0.0, shape=(), dtype=float32), tf.Tensor(0.0, shape=(), dtype=float32), tf.Tensor(0.0, shape=(), dtype=float32), tf.Tensor(0.0, shape=(), dtype=float32), tf.Tensor(0.0, shape=(), dtype=float32), tf.Tensor(0.0, shape=(), dtype=float32), tf.Tensor(0.0, shape=(), dtype=float32)]""",0.37411656975746155
4,"""[tf.Tensor(0.0, shape=(), dtype=float32), tf.Tensor(0.0, shape=(), dtype=float32), tf.Tensor(0.0, shape=(), dtype=float32), tf.Tensor(0.74999994, shape=(), dtype=float32), tf.Tensor(0.66666657, shape=(), dtype=float32), tf.Tensor(1.0, shape=(), dtype=float32), tf.Tensor(0.0, shape=(), dtype=float32), tf.Tensor(0.0, shape=(), dtype=float32), tf.Tensor(0.0, shape=(), dtype=float32), tf.Tensor(0.0, shape=(), dtype=float32), tf.Tensor(0.0, shape=(), dtype=float32), tf.Tensor(1.0, shape=(), dtype=float32), tf.Tensor(0.49999994, shape=(), dtype=float32), tf.Tensor(0.9999998, shape=(), dtype=float32), tf.Tensor(0.0, shape=(), dtype=float32), tf.Tensor(0.66666657, shape=(), dtype=float32), tf.Tensor(0.0, shape=(), dtype=float32), tf.Tensor(0.0, shape=(), dtype=float32), tf.Tensor(0.0, shape=(), dtype=float32), tf.Tensor(0.0, shape=(), dtype=float32)]""",0.1584702432155609,"""[tf.Tensor(0.0, shape=(), dtype=float32), tf.Tensor(0.0, shape=(), dtype=float32), tf.Tensor(0.0, shape=(), dtype=float32), tf.Tensor(0.0, shape=(), dtype=float32), tf.Tensor(0.0, shape=(), dtype=float32), tf.Tensor(0.0, shape=(), dtype=float32), tf.Tensor(0.0, shape=(), dtype=float32), tf.Tensor(0.0, shape=(), dtype=float32), tf.Tensor(0.0, shape=(), dtype=float32), tf.Tensor(0.0, shape=(), dtype=float32), tf.Tensor(0.0, shape=(), dtype=float32), tf.Tensor(0.0, shape=(), dtype=float32), tf.Tensor(0.0, shape=(), dtype=float32), tf.Tensor(0.0, shape=(), dtype=float32), tf.Tensor(0.0, shape=(), dtype=float32), tf.Tensor(0.39999995, shape=(), dtype=float32), tf.Tensor(0.0, shape=(), dtype=float32), tf.Tensor(0.0, shape=(), dtype=float32), tf.Tensor(0.0, shape=(), dtype=float32), tf.Tensor(0.0, shape=(), dtype=float32)]""",0.3468022346496582
5,"""[tf.Tensor(0.6666666, shape=(), dtype=float32), tf.Tensor(0.0, shape=(), dtype=float32), tf.Tensor(0.0, shape=(), dtype=float32), tf.Tensor(0.49999997, shape=(), dtype=float32), tf.Tensor(1.0, shape=(), dtype=float32), tf.Tensor(0.49999994, shape=(), dtype=float32), tf.Tensor(0.9999998, shape=(), dtype=float32), tf.Tensor(0.0, shape=(), dtype=float32), tf.Tensor(0.0, shape=(), dtype=float32), tf.Tensor(0.0, shape=(), dtype=float32), tf.Tensor(0.0, shape=(), dtype=float32), tf.Tensor(0.0, shape=(), dtype=float32), tf.Tensor(0.0, shape=(), dtype=float32), tf.Tensor(0.0, shape=(), dtype=float32), tf.Tensor(0.0, shape=(), dtype=float32), tf.Tensor(0.79999995, shape=(), dtype=float32), tf.Tensor(0.0, shape=(), dtype=float32), tf.Tensor(0.0, shape=(), dtype=float32), tf.Tensor(0.0, shape=(), dtype=float32), tf.Tensor(0.79999995, shape=(), dtype=float32)]""",0.12657257914543152,"""[tf.Tensor(0.0, shape=(), dtype=float32), tf.Tensor(0.0, shape=(), dtype=float32), tf.Tensor(0.0, shape=(), dtype=float32), tf.Tensor(0.0, shape=(), dtype=float32), tf.Tensor(0.0, shape=(), dtype=float32), tf.Tensor(0.0, shape=(), dtype=float32), tf.Tensor(0.0, shape=(), dtype=float32), tf.Tensor(0.0, shape=(), dtype=float32), tf.Tensor(0.0, shape=(), dtype=float32), tf.Tensor(0.0, shape=(), dtype=float32), tf.Tensor(0.0, shape=(), dtype=float32), tf.Tensor(0.0, shape=(), dtype=float32), tf.Tensor(0.0, shape=(), dtype=float32), tf.Tensor(0.0, shape=(), dtype=float32), tf.Tensor(0.0, shape=(), dtype=float32), tf.Tensor(0.39999995, shape=(), dtype=float32), tf.Tensor(0.0, shape=(), dtype=float32), tf.Tensor(0.0, shape=(), dtype=float32), tf.Tensor(0.0, shape=(), dtype=float32), tf.Tensor(0.0, shape=(), dtype=float32)]""",0.39268583059310913
6,"""[tf.Tensor(0.39999995, shape=(), dtype=float32), tf.Tensor(0.0, shape=(), dtype=float32), tf.Tensor(0.9999998, shape=(), dtype=float32), tf.Tensor(0.0, shape=(), dtype=float32), tf.Tensor(1.0, shape=(), dtype=float32), tf.Tensor(0.66666657, shape=(), dtype=float32), tf.Tensor(0.0, shape=(), dtype=float32), tf.Tensor(0.9999998, shape=(), dtype=float32), tf.Tensor(0.0, shape=(), dtype=float32), tf.Tensor(0.9999998, shape=(), dtype=float32), tf.Tensor(0.0, shape=(), dtype=float32), tf.Tensor(0.66666657, shape=(), dtype=float32), tf.Tensor(0.66666657, shape=(), dtype=float32), tf.Tensor(0.0, shape=(), dtype=float32), tf.Tensor(0.0, shape=(), dtype=float32), tf.Tensor(0.6666666, shape=(), dtype=float32), tf.Tensor(0.0, shape=(), dtype=float32), tf.Tensor(0.0, shape=(), dtype=float32), tf.Tensor(0.0, shape=(), dtype=float32), tf.Tensor(1.0, shape=(), dtype=float32)]""",0.12120507657527924,"""[tf.Tensor(0.0, shape=(), dtype=float32), tf.Tensor(0.0, shape=(), dtype=float32), tf.Tensor(0.0, shape=(), dtype=float32), tf.Tensor(0.0, shape=(), dtype=float32), tf.Tensor(0.0, shape=(), dtype=float32), tf.Tensor(0.0, shape=(), dtype=float32), tf.Tensor(0.0, shape=(), dtype=float32), tf.Tensor(0.0, shape=(), dtype=float32), tf.Tensor(0.0, shape=(), dtype=float32), tf.Tensor(0.0, shape=(), dtype=float32), tf.Tensor(0.0, shape=(), dtype=float32), tf.Tensor(0.0, shape=(), dtype=float32), tf.Tensor(0.0, shape=(), dtype=float32), tf.Tensor(0.0, shape=(), dtype=float32), tf.Tensor(0.0, shape=(), dtype=float32), tf.Tensor(0.0, shape=(), dtype=float32), tf.Tensor(0.0, shape=(), dtype=float32), tf.Tensor(0.0, shape=(), dtype=float32), tf.Tensor(0.0, shape=(), dtype=float32), tf.Tensor(0.0, shape=(), dtype=float32)]""",0.41610077023506165
7,"""[tf.Tensor(0.0, shape=(), dtype=float32), tf.Tensor(0.9999998, shape=(), dtype=float32), tf.Tensor(0.0, shape=(), dtype=float32), tf.Tensor(0.0, shape=(), dtype=float32), tf.Tensor(1.0, shape=(), dtype=float32), tf.Tensor(0.49999994, shape=(), dtype=float32), tf.Tensor(0.0, shape=(), dtype=float32), tf.Tensor(0.0, shape=(), dtype=float32), tf.Tensor(0.0, shape=(), dtype=float32), tf.Tensor(0.9999998, shape=(), dtype=float32), tf.Tensor(0.0, shape=(), dtype=float32), tf.Tensor(0.39999995, shape=(), dtype=float32), tf.Tensor(0.0, shape=(), dtype=float32), tf.Tensor(0.9999998, shape=(), dtype=float32), tf.Tensor(0.9999998, shape=(), dtype=float32), tf.Tensor(0.66666657, shape=(), dtype=float32), tf.Tensor(0.0, shape=(), dtype=float32), tf.Tensor(0.0, shape=(), dtype=float32), tf.Tensor(0.0, shape=(), dtype=float32), tf.Tensor(0.66666657, shape=(), dtype=float32)]""",0.12042966485023499,"""[tf.Tensor(0.0, shape=(), dtype=float32), tf.Tensor(0.0, shape=(), dtype=float32), tf.Tensor(0.0, shape=(), dtype=float32), tf.Tensor(0.0, shape=(), dtype=float32), tf.Tensor(0.0, shape=(), dtype=float32), tf.Tensor(0.0, shape=(), dtype=float32), tf.Tensor(0.0, shape=(), dtype=float32), tf.Tensor(0.0, shape=(), dtype=float32), tf.Tensor(0.0, shape=(), dtype=float32), tf.Tensor(0.0, shape=(), dtype=float32), tf.Tensor(0.0, shape=(), dtype=float32), tf.Tensor(0.0, shape=(), dtype=float32), tf.Tensor(0.0, shape=(), dtype=float32), tf.Tensor(0.0, shape=(), dtype=float32), tf.Tensor(0.0, shape=(), dtype=float32), tf.Tensor(0.0, shape=(), dtype=float32), tf.Tensor(0.0, shape=(), dtype=float32), tf.Tensor(0.0, shape=(), dtype=float32), tf.Tensor(0.0, shape=(), dtype=float32), tf.Tensor(0.0, shape=(), dtype=float32)]""",0.610426664352417
8,"""[tf.Tensor(0.0, shape=(), dtype=float32), tf.Tensor(0.0, shape=(), dtype=float32), tf.Tensor(0.0, shape=(), dtype=float32), tf.Tensor(0.49999997, shape=(), dtype=float32), tf.Tensor(1.0, shape=(), dtype=float32), tf.Tensor(0.66666657, shape=(), dtype=float32), tf.Tensor(0.0, shape=(), dtype=float32), tf.Tensor(0.0, shape=(), dtype=float32), tf.Tensor(0.0, shape=(), dtype=float32), tf.Tensor(0.9999998, shape=(), dtype=float32), tf.Tensor(0.9999998, shape=(), dtype=float32), tf.Tensor(0.49999994, shape=(), dtype=float32), tf.Tensor(0.33333328, shape=(), dtype=float32), tf.Tensor(0.9999998, shape=(), dtype=float32), tf.Tensor(0.9999998, shape=(), dtype=float32), tf.Tensor(0.66666657, shape=(), dtype=float32), tf.Tensor(0.0, shape=(), dtype=float32), tf.Tensor(0.0, shape=(), dtype=float32), tf.Tensor(0.0, shape=(), dtype=float32), tf.Tensor(0.66666657, shape=(), dtype=float32)]""",0.12262122333049774,"""[tf.Tensor(0.0, shape=(), dtype=float32), tf.Tensor(0.0, shape=(), dtype=float32), tf.Tensor(0.0, shape=(), dtype=float32), tf.Tensor(0.0, shape=(), dtype=float32), tf.Tensor(0.0, shape=(), dtype=float32), tf.Tensor(0.0, shape=(), dtype=float32), tf.Tensor(0.0, shape=(), dtype=float32), tf.Tensor(0.0, shape=(), dtype=float32), tf.Tensor(0.0, shape=(), dtype=float32), tf.Tensor(0.0, shape=(), dtype=float32), tf.Tensor(0.0, shape=(), dtype=float32), tf.Tensor(0.0, shape=(), dtype=float32), tf.Tensor(0.0, shape=(), dtype=float32), tf.Tensor(0.0, shape=(), dtype=float32), tf.Tensor(0.0, shape=(), dtype=float32), tf.Tensor(0.0, shape=(), dtype=float32), tf.Tensor(0.0, shape=(), dtype=float32), tf.Tensor(0.0, shape=(), dtype=float32), tf.Tensor(0.0, shape=(), dtype=float32), tf.Tensor(0.0, shape=(), dtype=float32)]""",0.6936590671539307
9,"""[tf.Tensor(0.39999995, shape=(), dtype=float32), tf.Tensor(0.0, shape=(), dtype=float32), tf.Tensor(0.9999998, shape=(), dtype=float32), tf.Tensor(0.49999997, shape=(), dtype=float32), tf.Tensor(1.0, shape=(), dtype=float32), tf.Tensor(0.0, shape=(), dtype=float32), tf.Tensor(0.9999998, shape=(), dtype=float32), tf.Tensor(0.0, shape=(), dtype=float32), tf.Tensor(0.0, shape=(), dtype=float32), tf.Tensor(0.9999998, shape=(), dtype=float32), tf.Tensor(0.0, shape=(), dtype=float32), tf.Tensor(0.49999994, shape=(), dtype=float32), tf.Tensor(0.0, shape=(), dtype=float32), tf.Tensor(0.0, shape=(), dtype=float32), tf.Tensor(0.0, shape=(), dtype=float32), tf.Tensor(0.79999995, shape=(), dtype=float32), tf.Tensor(0.0, shape=(), dtype=float32), tf.Tensor(0.0, shape=(), dtype=float32), tf.Tensor(0.0, shape=(), dtype=float32), tf.Tensor(1.0, shape=(), dtype=float32)]""",0.10124784708023071,"""[tf.Tensor(0.0, shape=(), dtype=float32), tf.Tensor(0.0, shape=(), dtype=float32), tf.Tensor(0.0, shape=(), dtype=float32), tf.Tensor(0.39999995, shape=(), dtype=float32), tf.Tensor(0.0, shape=(), dtype=float32), tf.Tensor(0.0, shape=(), dtype=float32), tf.Tensor(0.0, shape=(), dtype=float32), tf.Tensor(0.0, shape=(), dtype=float32), tf.Tensor(0.0, shape=(), dtype=float32), tf.Tensor(0.0, shape=(), dtype=float32), tf.Tensor(0.0, shape=(), dtype=float32), tf.Tensor(0.0, shape=(), dtype=float32), tf.Tensor(0.0, shape=(), dtype=float32), tf.Tensor(0.0, shape=(), dtype=float32), tf.Tensor(0.0, shape=(), dtype=float32), tf.Tensor(0.0, shape=(), dtype=float32), tf.Tensor(0.0, shape=(), dtype=float32), tf.Tensor(0.0, shape=(), dtype=float32), tf.Tensor(0.0, shape=(), dtype=float32), tf.Tensor(0.0, shape=(), dtype=float32)]""",0.7822604179382324
10,"""[tf.Tensor(0.49999997, shape=(), dtype=float32), tf.Tensor(0.0, shape=(), dtype=float32), tf.Tensor(0.9999998, shape=(), dtype=float32), tf.Tensor(0.79999995, shape=(), dtype=float32), tf.Tensor(0.66666657, shape=(), dtype=float32), tf.Tensor(1.0, shape=(), dtype=float32), tf.Tensor(0.9999998, shape=(), dtype=float32), tf.Tensor(0.0, shape=(), dtype=float32), tf.Tensor(0.0, shape=(), dtype=float32), tf.Tensor(0.9999998, shape=(), dtype=float32), tf.Tensor(0.0, shape=(), dtype=float32), tf.Tensor(0.66666657, shape=(), dtype=float32), tf.Tensor(0.66666657, shape=(), dtype=float32), tf.Tensor(0.0, shape=(), dtype=float32), tf.Tensor(0.0, shape=(), dtype=float32), tf.Tensor(0.79999995, shape=(), dtype=float32), tf.Tensor(0.0, shape=(), dtype=float32), tf.Tensor(0.0, shape=(), dtype=float32), tf.Tensor(0.0, shape=(), dtype=float32), tf.Tensor(1.0, shape=(), dtype=float32)]""",0.08573725074529648,"""[tf.Tensor(0.0, shape=(), dtype=float32), tf.Tensor(0.0, shape=(), dtype=float32), tf.Tensor(0.0, shape=(), dtype=float32), tf.Tensor(0.39999995, shape=(), dtype=float32), tf.Tensor(0.0, shape=(), dtype=float32), tf.Tensor(0.0, shape=(), dtype=float32), tf.Tensor(0.0, shape=(), dtype=float32), tf.Tensor(0.0, shape=(), dtype=float32), tf.Tensor(0.0, shape=(), dtype=float32), tf.Tensor(0.0, shape=(), dtype=float32), tf.Tensor(0.0, shape=(), dtype=float32), tf.Tensor(0.0, shape=(), dtype=float32), tf.Tensor(0.0, shape=(), dtype=float32), tf.Tensor(0.0, shape=(), dtype=float32), tf.Tensor(0.0, shape=(), dtype=float32), tf.Tensor(0.0, shape=(), dtype=float32), tf.Tensor(0.0, shape=(), dtype=float32), tf.Tensor(0.0, shape=(), dtype=float32), tf.Tensor(0.0, shape=(), dtype=float32), tf.Tensor(0.0, shape=(), dtype=float32)]""",0.7165685892105103
11,"""[tf.Tensor(0.49999997, shape=(), dtype=float32), tf.Tensor(0.9999998, shape=(), dtype=float32), tf.Tensor(0.0, shape=(), dtype=float32), tf.Tensor(0.49999997, shape=(), dtype=float32), tf.Tensor(1.0, shape=(), dtype=float32), tf.Tensor(0.49999994, shape=(), dtype=float32), tf.Tensor(0.9999998, shape=(), dtype=float32), tf.Tensor(0.66666657, shape=(), dtype=float32), tf.Tensor(0.0, shape=(), dtype=float32), tf.Tensor(0.9999998, shape=(), dtype=float32), tf.Tensor(0.0, shape=(), dtype=float32), tf.Tensor(0.66666657, shape=(), dtype=float32), tf.Tensor(0.66666657, shape=(), dtype=float32), tf.Tensor(0.0, shape=(), dtype=float32), tf.Tensor(0.9999998, shape=(), dtype=float32), tf.Tensor(1.0, shape=(), dtype=float32), tf.Tensor(0.0, shape=(), dtype=float32), tf.Tensor(0.0, shape=(), dtype=float32), tf.Tensor(0.0, shape=(), dtype=float32), tf.Tensor(0.0, shape=(), dtype=float32)]""",0.06966754794120789,"""[tf.Tensor(0.0, shape=(), dtype=float32), tf.Tensor(0.0, shape=(), dtype=float32), tf.Tensor(0.0, shape=(), dtype=float32), tf.Tensor(0.0, shape=(), dtype=float32), tf.Tensor(0.0, shape=(), dtype=float32), tf.Tensor(0.0, shape=(), dtype=float32), tf.Tensor(0.0, shape=(), dtype=float32), tf.Tensor(0.0, shape=(), dtype=float32), tf.Tensor(0.0, shape=(), dtype=float32), tf.Tensor(0.0, shape=(), dtype=float32), tf.Tensor(0.0, shape=(), dtype=float32), tf.Tensor(0.0, shape=(), dtype=float32), tf.Tensor(0.0, shape=(), dtype=float32), tf.Tensor(0.0, shape=(), dtype=float32), tf.Tensor(0.0, shape=(), dtype=float32), tf.Tensor(0.0, shape=(), dtype=float32), tf.Tensor(0.0, shape=(), dtype=float32), tf.Tensor(0.0, shape=(), dtype=float32), tf.Tensor(0.0, shape=(), dtype=float32), tf.Tensor(0.0, shape=(), dtype=float32)]""",0.6722599267959595
12,"""[tf.Tensor(0.0, shape=(), dtype=float32), tf.Tensor(0.9999998, shape=(), dtype=float32), tf.Tensor(0.9999998, shape=(), dtype=float32), tf.Tensor(0.49999997, shape=(), dtype=float32), tf.Tensor(1.0, shape=(), dtype=float32), tf.Tensor(0.66666657, shape=(), dtype=float32), tf.Tensor(0.9999998, shape=(), dtype=float32), tf.Tensor(0.9999998, shape=(), dtype=float32), tf.Tensor(0.0, shape=(), dtype=float32), tf.Tensor(0.0, shape=(), dtype=float32), tf.Tensor(0.0, shape=(), dtype=float32), tf.Tensor(1.0, shape=(), dtype=float32), tf.Tensor(1.0, shape=(), dtype=float32), tf.Tensor(0.0, shape=(), dtype=float32), tf.Tensor(0.9999998, shape=(), dtype=float32), tf.Tensor(0.66666657, shape=(), dtype=float32), tf.Tensor(0.0, shape=(), dtype=float32), tf.Tensor(0.0, shape=(), dtype=float32), tf.Tensor(0.0, shape=(), dtype=float32), tf.Tensor(0.66666657, shape=(), dtype=float32)]""",0.042011164128780365,"""[tf.Tensor(0.0, shape=(), dtype=float32), tf.Tensor(0.0, shape=(), dtype=float32), tf.Tensor(0.0, shape=(), dtype=float32), tf.Tensor(0.0, shape=(), dtype=float32), tf.Tensor(0.0, shape=(), dtype=float32), tf.Tensor(0.0, shape=(), dtype=float32), tf.Tensor(0.0, shape=(), dtype=float32), tf.Tensor(0.0, shape=(), dtype=float32), tf.Tensor(0.0, shape=(), dtype=float32), tf.Tensor(0.0, shape=(), dtype=float32), tf.Tensor(0.0, shape=(), dtype=float32), tf.Tensor(0.0, shape=(), dtype=float32), tf.Tensor(0.0, shape=(), dtype=float32), tf.Tensor(0.0, shape=(), dtype=float32), tf.Tensor(0.0, shape=(), dtype=float32), tf.Tensor(0.0, shape=(), dtype=float32), tf.Tensor(0.0, shape=(), dtype=float32), tf.Tensor(0.0, shape=(), dtype=float32), tf.Tensor(0.0, shape=(), dtype=float32), tf.Tensor(0.0, shape=(), dtype=float32)]""",0.7794640064239502
13,"""[tf.Tensor(0.49999997, shape=(), dtype=float32), tf.Tensor(0.9999998, shape=(), dtype=float32), tf.Tensor(0.0, shape=(), dtype=float32), tf.Tensor(0.0, shape=(), dtype=float32), tf.Tensor(1.0, shape=(), dtype=float32), tf.Tensor(0.49999994, shape=(), dtype=float32), tf.Tensor(0.9999998, shape=(), dtype=float32), tf.Tensor(0.9999998, shape=(), dtype=float32), tf.Tensor(0.0, shape=(), dtype=float32), tf.Tensor(0.9999998, shape=(), dtype=float32), tf.Tensor(0.0, shape=(), dtype=float32), tf.Tensor(0.0, shape=(), dtype=float32), tf.Tensor(0.66666657, shape=(), dtype=float32), tf.Tensor(0.9999998, shape=(), dtype=float32), tf.Tensor(0.0, shape=(), dtype=float32), tf.Tensor(0.79999995, shape=(), dtype=float32), tf.Tensor(0.0, shape=(), dtype=float32), tf.Tensor(0.0, shape=(), dtype=float32), tf.Tensor(0.0, shape=(), dtype=float32), tf.Tensor(1.0, shape=(), dtype=float32)]""",0.06953279674053192,"""[tf.Tensor(0.0, shape=(), dtype=float32), tf.Tensor(0.0, shape=(), dtype=float32), tf.Tensor(0.0, shape=(), dtype=float32), tf.Tensor(0.0, shape=(), dtype=float32), tf.Tensor(0.0, shape=(), dtype=float32), tf.Tensor(0.0, shape=(), dtype=float32), tf.Tensor(0.0, shape=(), dtype=float32), tf.Tensor(0.0, shape=(), dtype=float32), tf.Tensor(0.0, shape=(), dtype=float32), tf.Tensor(0.0, shape=(), dtype=float32), tf.Tensor(0.0, shape=(), dtype=float32), tf.Tensor(0.0, shape=(), dtype=float32), tf.Tensor(0.0, shape=(), dtype=float32), tf.Tensor(0.0, shape=(), dtype=float32), tf.Tensor(0.0, shape=(), dtype=float32), tf.Tensor(0.0, shape=(), dtype=float32), tf.Tensor(0.0, shape=(), dtype=float32), tf.Tensor(0.0, shape=(), dtype=float32), tf.Tensor(0.0, shape=(), dtype=float32), tf.Tensor(0.0, shape=(), dtype=float32)]""",0.8731639385223389
14,"""[tf.Tensor(0.49999997, shape=(), dtype=float32), tf.Tensor(0.9999998, shape=(), dtype=float32), tf.Tensor(0.0, shape=(), dtype=float32), tf.Tensor(0.39999995, shape=(), dtype=float32), tf.Tensor(1.0, shape=(), dtype=float32), tf.Tensor(0.66666657, shape=(), dtype=float32), tf.Tensor(0.9999998, shape=(), dtype=float32), tf.Tensor(0.9999998, shape=(), dtype=float32), tf.Tensor(0.0, shape=(), dtype=float32), tf.Tensor(0.0, shape=(), dtype=float32), tf.Tensor(0.0, shape=(), dtype=float32), tf.Tensor(0.66666657, shape=(), dtype=float32), tf.Tensor(1.0, shape=(), dtype=float32), tf.Tensor(0.9999998, shape=(), dtype=float32), tf.Tensor(0.9999998, shape=(), dtype=float32), tf.Tensor(0.66666657, shape=(), dtype=float32), tf.Tensor(0.0, shape=(), dtype=float32), tf.Tensor(0.0, shape=(), dtype=float32), tf.Tensor(0.0, shape=(), dtype=float32), tf.Tensor(0.66666657, shape=(), dtype=float32)]""",0.05582500994205475,"""[tf.Tensor(0.0, shape=(), dtype=float32), tf.Tensor(0.0, shape=(), dtype=float32), tf.Tensor(0.0, shape=(), dtype=float32), tf.Tensor(0.0, shape=(), dtype=float32), tf.Tensor(0.0, shape=(), dtype=float32), tf.Tensor(0.0, shape=(), dtype=float32), tf.Tensor(0.0, shape=(), dtype=float32), tf.Tensor(0.0, shape=(), dtype=float32), tf.Tensor(0.0, shape=(), dtype=float32), tf.Tensor(0.0, shape=(), dtype=float32), tf.Tensor(0.0, shape=(), dtype=float32), tf.Tensor(0.0, shape=(), dtype=float32), tf.Tensor(0.0, shape=(), dtype=float32), tf.Tensor(0.0, shape=(), dtype=float32), tf.Tensor(0.0, shape=(), dtype=float32), tf.Tensor(0.0, shape=(), dtype=float32), tf.Tensor(0.0, shape=(), dtype=float32), tf.Tensor(0.0, shape=(), dtype=float32), tf.Tensor(0.0, shape=(), dtype=float32), tf.Tensor(0.0, shape=(), dtype=float32)]""",0.9161635041236877
15,"""[tf.Tensor(0.49999997, shape=(), dtype=float32), tf.Tensor(0.9999998, shape=(), dtype=float32), tf.Tensor(0.0, shape=(), dtype=float32), tf.Tensor(0.0, shape=(), dtype=float32), tf.Tensor(1.0, shape=(), dtype=float32), tf.Tensor(0.66666657, shape=(), dtype=float32), tf.Tensor(0.9999998, shape=(), dtype=float32), tf.Tensor(0.9999998, shape=(), dtype=float32), tf.Tensor(0.0, shape=(), dtype=float32), tf.Tensor(0.0, shape=(), dtype=float32), tf.Tensor(0.0, shape=(), dtype=float32), tf.Tensor(0.66666657, shape=(), dtype=float32), tf.Tensor(1.0, shape=(), dtype=float32), tf.Tensor(0.9999998, shape=(), dtype=float32), tf.Tensor(0.0, shape=(), dtype=float32), tf.Tensor(1.0, shape=(), dtype=float32), tf.Tensor(0.0, shape=(), dtype=float32), tf.Tensor(0.0, shape=(), dtype=float32), tf.Tensor(0.0, shape=(), dtype=float32), tf.Tensor(1.0, shape=(), dtype=float32)]""",0.050862960517406464,"""[tf.Tensor(0.0, shape=(), dtype=float32), tf.Tensor(0.0, shape=(), dtype=float32), tf.Tensor(0.0, shape=(), dtype=float32), tf.Tensor(0.0, shape=(), dtype=float32), tf.Tensor(0.0, shape=(), dtype=float32), tf.Tensor(0.0, shape=(), dtype=float32), tf.Tensor(0.0, shape=(), dtype=float32), tf.Tensor(0.0, shape=(), dtype=float32), tf.Tensor(0.0, shape=(), dtype=float32), tf.Tensor(0.0, shape=(), dtype=float32), tf.Tensor(0.0, shape=(), dtype=float32), tf.Tensor(0.0, shape=(), dtype=float32), tf.Tensor(0.0, shape=(), dtype=float32), tf.Tensor(0.0, shape=(), dtype=float32), tf.Tensor(0.0, shape=(), dtype=float32), tf.Tensor(0.0, shape=(), dtype=float32), tf.Tensor(0.0, shape=(), dtype=float32), tf.Tensor(0.0, shape=(), dtype=float32), tf.Tensor(0.0, shape=(), dtype=float32), tf.Tensor(0.0, shape=(), dtype=float32)]""",0.9199431538581848
16,"""[tf.Tensor(0.0, shape=(), dtype=float32), tf.Tensor(0.9999998, shape=(), dtype=float32), tf.Tensor(0.0, shape=(), dtype=float32), tf.Tensor(0.79999995, shape=(), dtype=float32), tf.Tensor(1.0, shape=(), dtype=float32), tf.Tensor(0.66666657, shape=(), dtype=float32), tf.Tensor(0.9999998, shape=(), dtype=float32), tf.Tensor(0.0, shape=(), dtype=float32), tf.Tensor(0.0, shape=(), dtype=float32), tf.Tensor(0.0, shape=(), dtype=float32), tf.Tensor(0.0, shape=(), dtype=float32), tf.Tensor(1.0, shape=(), dtype=float32), tf.Tensor(1.0, shape=(), dtype=float32), tf.Tensor(0.9999998, shape=(), dtype=float32), tf.Tensor(0.0, shape=(), dtype=float32), tf.Tensor(1.0, shape=(), dtype=float32), tf.Tensor(0.0, shape=(), dtype=float32), tf.Tensor(0.0, shape=(), dtype=float32), tf.Tensor(0.0, shape=(), dtype=float32), tf.Tensor(1.0, shape=(), dtype=float32)]""",0.029696444049477577,"""[tf.Tensor(0.0, shape=(), dtype=float32), tf.Tensor(0.0, shape=(), dtype=float32), tf.Tensor(0.0, shape=(), dtype=float32), tf.Tensor(0.0, shape=(), dtype=float32), tf.Tensor(0.0, shape=(), dtype=float32), tf.Tensor(0.0, shape=(), dtype=float32), tf.Tensor(0.0, shape=(), dtype=float32), tf.Tensor(0.0, shape=(), dtype=float32), tf.Tensor(0.0, shape=(), dtype=float32), tf.Tensor(0.0, shape=(), dtype=float32), tf.Tensor(0.0, shape=(), dtype=float32), tf.Tensor(0.0, shape=(), dtype=float32), tf.Tensor(0.0, shape=(), dtype=float32), tf.Tensor(0.0, shape=(), dtype=float32), tf.Tensor(0.0, shape=(), dtype=float32), tf.Tensor(0.0, shape=(), dtype=float32), tf.Tensor(0.0, shape=(), dtype=float32), tf.Tensor(0.0, shape=(), dtype=float32), tf.Tensor(0.0, shape=(), dtype=float32), tf.Tensor(0.0, shape=(), dtype=float32)]""",0.9272500872612
17,"""[tf.Tensor(0.79999995, shape=(), dtype=float32), tf.Tensor(0.9999998, shape=(), dtype=float32), tf.Tensor(0.0, shape=(), dtype=float32), tf.Tensor(0.79999995, shape=(), dtype=float32), tf.Tensor(0.66666657, shape=(), dtype=float32), tf.Tensor(0.66666657, shape=(), dtype=float32), tf.Tensor(0.9999998, shape=(), dtype=float32), tf.Tensor(0.0, shape=(), dtype=float32), tf.Tensor(0.0, shape=(), dtype=float32), tf.Tensor(0.9999998, shape=(), dtype=float32), tf.Tensor(0.0, shape=(), dtype=float32), tf.Tensor(0.66666657, shape=(), dtype=float32), tf.Tensor(0.66666657, shape=(), dtype=float32), tf.Tensor(0.0, shape=(), dtype=float32), tf.Tensor(0.0, shape=(), dtype=float32), tf.Tensor(0.79999995, shape=(), dtype=float32), tf.Tensor(0.0, shape=(), dtype=float32), tf.Tensor(0.0, shape=(), dtype=float32), tf.Tensor(0.0, shape=(), dtype=float32), tf.Tensor(1.0, shape=(), dtype=float32)]""",0.026408161967992783,"""[tf.Tensor(0.0, shape=(), dtype=float32), tf.Tensor(0.0, shape=(), dtype=float32), tf.Tensor(0.0, shape=(), dtype=float32), tf.Tensor(0.0, shape=(), dtype=float32), tf.Tensor(0.0, shape=(), dtype=float32), tf.Tensor(0.0, shape=(), dtype=float32), tf.Tensor(0.0, shape=(), dtype=float32), tf.Tensor(0.0, shape=(), dtype=float32), tf.Tensor(0.0, shape=(), dtype=float32), tf.Tensor(0.0, shape=(), dtype=float32), tf.Tensor(0.0, shape=(), dtype=float32), tf.Tensor(0.0, shape=(), dtype=float32), tf.Tensor(0.0, shape=(), dtype=float32), tf.Tensor(0.0, shape=(), dtype=float32), tf.Tensor(0.0, shape=(), dtype=float32), tf.Tensor(0.0, shape=(), dtype=float32), tf.Tensor(0.0, shape=(), dtype=float32), tf.Tensor(0.0, shape=(), dtype=float32), tf.Tensor(0.0, shape=(), dtype=float32), tf.Tensor(0.0, shape=(), dtype=float32)]""",1.1592432260513306
18,"""[tf.Tensor(0.0, shape=(), dtype=float32), tf.Tensor(0.9999998, shape=(), dtype=float32), tf.Tensor(0.0, shape=(), dtype=float32), tf.Tensor(0.6666666, shape=(), dtype=float32), tf.Tensor(1.0, shape=(), dtype=float32), tf.Tensor(0.49999994, shape=(), dtype=float32), tf.Tensor(0.9999998, shape=(), dtype=float32), tf.Tensor(0.0, shape=(), dtype=float32), tf.Tensor(0.0, shape=(), dtype=float32), tf.Tensor(0.0, shape=(), dtype=float32), tf.Tensor(0.0, shape=(), dtype=float32), tf.Tensor(0.66666657, shape=(), dtype=float32), tf.Tensor(1.0, shape=(), dtype=float32), tf.Tensor(0.9999998, shape=(), dtype=float32), tf.Tensor(0.0, shape=(), dtype=float32), tf.Tensor(0.66666657, shape=(), dtype=float32), tf.Tensor(0.0, shape=(), dtype=float32), tf.Tensor(0.0, shape=(), dtype=float32), tf.Tensor(0.0, shape=(), dtype=float32), tf.Tensor(1.0, shape=(), dtype=float32)]""",0.05295030400156975,"""[tf.Tensor(0.0, shape=(), dtype=float32), tf.Tensor(0.0, shape=(), dtype=float32), tf.Tensor(0.0, shape=(), dtype=float32), tf.Tensor(0.0, shape=(), dtype=float32), tf.Tensor(0.0, shape=(), dtype=float32), tf.Tensor(0.0, shape=(), dtype=float32), tf.Tensor(0.0, shape=(), dtype=float32), tf.Tensor(0.0, shape=(), dtype=float32), tf.Tensor(0.0, shape=(), dtype=float32), tf.Tensor(0.0, shape=(), dtype=float32), tf.Tensor(0.0, shape=(), dtype=float32), tf.Tensor(0.0, shape=(), dtype=float32), tf.Tensor(0.0, shape=(), dtype=float32), tf.Tensor(0.0, shape=(), dtype=float32), tf.Tensor(0.0, shape=(), dtype=float32), tf.Tensor(0.0, shape=(), dtype=float32), tf.Tensor(0.0, shape=(), dtype=float32), tf.Tensor(0.0, shape=(), dtype=float32), tf.Tensor(0.0, shape=(), dtype=float32), tf.Tensor(0.0, shape=(), dtype=float32)]""",1.4185354709625244
19,"""[tf.Tensor(0.79999995, shape=(), dtype=float32), tf.Tensor(0.9999998, shape=(), dtype=float32), tf.Tensor(0.0, shape=(), dtype=float32), tf.Tensor(0.79999995, shape=(), dtype=float32), tf.Tensor(0.66666657, shape=(), dtype=float32), tf.Tensor(0.66666657, shape=(), dtype=float32), tf.Tensor(0.9999998, shape=(), dtype=float32), tf.Tensor(0.0, shape=(), dtype=float32), tf.Tensor(0.0, shape=(), dtype=float32), tf.Tensor(0.9999998, shape=(), dtype=float32), tf.Tensor(0.0, shape=(), dtype=float32), tf.Tensor(0.49999994, shape=(), dtype=float32), tf.Tensor(0.66666657, shape=(), dtype=float32), tf.Tensor(0.0, shape=(), dtype=float32), tf.Tensor(0.0, shape=(), dtype=float32), tf.Tensor(1.0, shape=(), dtype=float32), tf.Tensor(0.0, shape=(), dtype=float32), tf.Tensor(0.0, shape=(), dtype=float32), tf.Tensor(0.0, shape=(), dtype=float32), tf.Tensor(1.0, shape=(), dtype=float32)]""",0.029286770150065422,"""[tf.Tensor(0.0, shape=(), dtype=float32), tf.Tensor(0.0, shape=(), dtype=float32), tf.Tensor(0.0, shape=(), dtype=float32), tf.Tensor(0.0, shape=(), dtype=float32), tf.Tensor(0.0, shape=(), dtype=float32), tf.Tensor(0.0, shape=(), dtype=float32), tf.Tensor(0.0, shape=(), dtype=float32), tf.Tensor(0.0, shape=(), dtype=float32), tf.Tensor(0.0, shape=(), dtype=float32), tf.Tensor(0.0, shape=(), dtype=float32), tf.Tensor(0.0, shape=(), dtype=float32), tf.Tensor(0.0, shape=(), dtype=float32), tf.Tensor(0.0, shape=(), dtype=float32), tf.Tensor(0.0, shape=(), dtype=float32), tf.Tensor(0.0, shape=(), dtype=float32), tf.Tensor(0.0, shape=(), dtype=float32), tf.Tensor(0.0, shape=(), dtype=float32), tf.Tensor(0.0, shape=(), dtype=float32), tf.Tensor(0.0, shape=(), dtype=float32), tf.Tensor(0.0, shape=(), dtype=float32)]""",1.4384123086929321
20,"""[tf.Tensor(0.79999995, shape=(), dtype=float32), tf.Tensor(0.0, shape=(), dtype=float32), tf.Tensor(0.0, shape=(), dtype=float32), tf.Tensor(0.79999995, shape=(), dtype=float32), tf.Tensor(1.0, shape=(), dtype=float32), tf.Tensor(0.66666657, shape=(), dtype=float32), tf.Tensor(0.9999998, shape=(), dtype=float32), tf.Tensor(0.0, shape=(), dtype=float32), tf.Tensor(0.0, shape=(), dtype=float32), tf.Tensor(0.9999998, shape=(), dtype=float32), tf.Tensor(0.0, shape=(), dtype=float32), tf.Tensor(0.66666657, shape=(), dtype=float32), tf.Tensor(0.66666657, shape=(), dtype=float32), tf.Tensor(0.9999998, shape=(), dtype=float32), tf.Tensor(0.0, shape=(), dtype=float32), tf.Tensor(1.0, shape=(), dtype=float32), tf.Tensor(0.0, shape=(), dtype=float32), tf.Tensor(0.0, shape=(), dtype=float32), tf.Tensor(0.0, shape=(), dtype=float32), tf.Tensor(1.0, shape=(), dtype=float32)]""",0.010174043476581573,"""[tf.Tensor(0.0, shape=(), dtype=float32), tf.Tensor(0.0, shape=(), dtype=float32), tf.Tensor(0.0, shape=(), dtype=float32), tf.Tensor(0.0, shape=(), dtype=float32), tf.Tensor(0.0, shape=(), dtype=float32), tf.Tensor(0.0, shape=(), dtype=float32), tf.Tensor(0.0, shape=(), dtype=float32), tf.Tensor(0.0, shape=(), dtype=float32), tf.Tensor(0.0, shape=(), dtype=float32), tf.Tensor(0.0, shape=(), dtype=float32), tf.Tensor(0.0, shape=(), dtype=float32), tf.Tensor(0.0, shape=(), dtype=float32), tf.Tensor(0.0, shape=(), dtype=float32), tf.Tensor(0.0, shape=(), dtype=float32), tf.Tensor(0.0, shape=(), dtype=float32), tf.Tensor(0.0, shape=(), dtype=float32), tf.Tensor(0.0, shape=(), dtype=float32), tf.Tensor(0.0, shape=(), dtype=float32), tf.Tensor(0.0, shape=(), dtype=float32), tf.Tensor(0.0, shape=(), dtype=float32)]""",1.2446480989456177
21,"""[tf.Tensor(0.79999995, shape=(), dtype=float32), tf.Tensor(0.0, shape=(), dtype=float32), tf.Tensor(0.0, shape=(), dtype=float32), tf.Tensor(0.49999997, shape=(), dtype=float32), tf.Tensor(1.0, shape=(), dtype=float32), tf.Tensor(0.66666657, shape=(), dtype=float32), tf.Tensor(0.9999998, shape=(), dtype=float32), tf.Tensor(0.9999998, shape=(), dtype=float32), tf.Tensor(0.0, shape=(), dtype=float32), tf.Tensor(0.0, shape=(), dtype=float32), tf.Tensor(0.0, shape=(), dtype=float32), tf.Tensor(0.66666657, shape=(), dtype=float32), tf.Tensor(1.0, shape=(), dtype=float32), tf.Tensor(0.9999998, shape=(), dtype=float32), tf.Tensor(0.0, shape=(), dtype=float32), tf.Tensor(1.0, shape=(), dtype=float32), tf.Tensor(0.0, shape=(), dtype=float32), tf.Tensor(0.0, shape=(), dtype=float32), tf.Tensor(0.0, shape=(), dtype=float32), tf.Tensor(1.0, shape=(), dtype=float32)]""",0.02953733131289482,"""[tf.Tensor(0.0, shape=(), dtype=float32), tf.Tensor(0.0, shape=(), dtype=float32), tf.Tensor(0.0, shape=(), dtype=float32), tf.Tensor(0.0, shape=(), dtype=float32), tf.Tensor(0.0, shape=(), dtype=float32), tf.Tensor(0.0, shape=(), dtype=float32), tf.Tensor(0.0, shape=(), dtype=float32), tf.Tensor(0.0, shape=(), dtype=float32), tf.Tensor(0.0, shape=(), dtype=float32), tf.Tensor(0.0, shape=(), dtype=float32), tf.Tensor(0.0, shape=(), dtype=float32), tf.Tensor(0.0, shape=(), dtype=float32), tf.Tensor(0.0, shape=(), dtype=float32), tf.Tensor(0.0, shape=(), dtype=float32), tf.Tensor(0.0, shape=(), dtype=float32), tf.Tensor(0.0, shape=(), dtype=float32), tf.Tensor(0.0, shape=(), dtype=float32), tf.Tensor(0.0, shape=(), dtype=float32), tf.Tensor(0.0, shape=(), dtype=float32), tf.Tensor(0.0, shape=(), dtype=float32)]""",1.0649337768554688
22,"""[tf.Tensor(0.79999995, shape=(), dtype=float32), tf.Tensor(0.9999998, shape=(), dtype=float32), tf.Tensor(0.0, shape=(), dtype=float32), tf.Tensor(0.49999997, shape=(), dtype=float32), tf.Tensor(0.66666657, shape=(), dtype=float32), tf.Tensor(1.0, shape=(), dtype=float32), tf.Tensor(0.9999998, shape=(), dtype=float32), tf.Tensor(0.0, shape=(), dtype=float32), tf.Tensor(0.0, shape=(), dtype=float32), tf.Tensor(0.0, shape=(), dtype=float32), tf.Tensor(0.66666657, shape=(), dtype=float32), tf.Tensor(0.66666657, shape=(), dtype=float32), tf.Tensor(1.0, shape=(), dtype=float32), tf.Tensor(0.0, shape=(), dtype=float32), tf.Tensor(0.0, shape=(), dtype=float32), tf.Tensor(0.66666657, shape=(), dtype=float32), tf.Tensor(0.0, shape=(), dtype=float32), tf.Tensor(0.0, shape=(), dtype=float32), tf.Tensor(0.0, shape=(), dtype=float32), tf.Tensor(1.0, shape=(), dtype=float32)]""",0.02030852437019348,"""[tf.Tensor(0.0, shape=(), dtype=float32), tf.Tensor(0.0, shape=(), dtype=float32), tf.Tensor(0.0, shape=(), dtype=float32), tf.Tensor(0.0, shape=(), dtype=float32), tf.Tensor(0.0, shape=(), dtype=float32), tf.Tensor(0.0, shape=(), dtype=float32), tf.Tensor(0.0, shape=(), dtype=float32), tf.Tensor(0.0, shape=(), dtype=float32), tf.Tensor(0.0, shape=(), dtype=float32), tf.Tensor(0.0, shape=(), dtype=float32), tf.Tensor(0.0, shape=(), dtype=float32), tf.Tensor(0.0, shape=(), dtype=float32), tf.Tensor(0.0, shape=(), dtype=float32), tf.Tensor(0.0, shape=(), dtype=float32), tf.Tensor(0.0, shape=(), dtype=float32), tf.Tensor(0.0, shape=(), dtype=float32), tf.Tensor(0.0, shape=(), dtype=float32), tf.Tensor(0.0, shape=(), dtype=float32), tf.Tensor(0.0, shape=(), dtype=float32), tf.Tensor(0.0, shape=(), dtype=float32)]""",0.9101547598838806
23,"""[tf.Tensor(0.79999995, shape=(), dtype=float32), tf.Tensor(0.0, shape=(), dtype=float32), tf.Tensor(0.0, shape=(), dtype=float32), tf.Tensor(0.79999995, shape=(), dtype=float32), tf.Tensor(1.0, shape=(), dtype=float32), tf.Tensor(0.66666657, shape=(), dtype=float32), tf.Tensor(0.9999998, shape=(), dtype=float32), tf.Tensor(0.9999998, shape=(), dtype=float32), tf.Tensor(0.0, shape=(), dtype=float32), tf.Tensor(0.9999998, shape=(), dtype=float32), tf.Tensor(0.9999998, shape=(), dtype=float32), tf.Tensor(0.66666657, shape=(), dtype=float32), tf.Tensor(0.66666657, shape=(), dtype=float32), tf.Tensor(0.0, shape=(), dtype=float32), tf.Tensor(0.9999998, shape=(), dtype=float32), tf.Tensor(0.66666657, shape=(), dtype=float32), tf.Tensor(0.0, shape=(), dtype=float32), tf.Tensor(0.0, shape=(), dtype=float32), tf.Tensor(0.0, shape=(), dtype=float32), tf.Tensor(0.66666657, shape=(), dtype=float32)]""",0.010532490909099579,"""[tf.Tensor(0.0, shape=(), dtype=float32), tf.Tensor(0.0, shape=(), dtype=float32), tf.Tensor(0.0, shape=(), dtype=float32), tf.Tensor(0.0, shape=(), dtype=float32), tf.Tensor(0.0, shape=(), dtype=float32), tf.Tensor(0.0, shape=(), dtype=float32), tf.Tensor(0.0, shape=(), dtype=float32), tf.Tensor(0.0, shape=(), dtype=float32), tf.Tensor(0.0, shape=(), dtype=float32), tf.Tensor(0.0, shape=(), dtype=float32), tf.Tensor(0.0, shape=(), dtype=float32), tf.Tensor(0.0, shape=(), dtype=float32), tf.Tensor(0.0, shape=(), dtype=float32), tf.Tensor(0.0, shape=(), dtype=float32), tf.Tensor(0.0, shape=(), dtype=float32), tf.Tensor(0.0, shape=(), dtype=float32), tf.Tensor(0.0, shape=(), dtype=float32), tf.Tensor(0.0, shape=(), dtype=float32), tf.Tensor(0.0, shape=(), dtype=float32), tf.Tensor(0.0, shape=(), dtype=float32)]""",0.9046505093574524
24,"""[tf.Tensor(0.0, shape=(), dtype=float32), tf.Tensor(0.0, shape=(), dtype=float32), tf.Tensor(0.9999998, shape=(), dtype=float32), tf.Tensor(0.8571428, shape=(), dtype=float32), tf.Tensor(1.0, shape=(), dtype=float32), tf.Tensor(0.66666657, shape=(), dtype=float32), tf.Tensor(0.9999998, shape=(), dtype=float32), tf.Tensor(0.0, shape=(), dtype=float32), tf.Tensor(0.0, shape=(), dtype=float32), tf.Tensor(0.9999998, shape=(), dtype=float32), tf.Tensor(0.9999998, shape=(), dtype=float32), tf.Tensor(0.66666657, shape=(), dtype=float32), tf.Tensor(0.0, shape=(), dtype=float32), tf.Tensor(0.0, shape=(), dtype=float32), tf.Tensor(0.9999998, shape=(), dtype=float32), tf.Tensor(0.66666657, shape=(), dtype=float32), tf.Tensor(0.0, shape=(), dtype=float32), tf.Tensor(0.0, shape=(), dtype=float32), tf.Tensor(0.0, shape=(), dtype=float32), tf.Tensor(0.66666657, shape=(), dtype=float32)]""",0.051430076360702515,"""[tf.Tensor(0.0, shape=(), dtype=float32), tf.Tensor(0.0, shape=(), dtype=float32), tf.Tensor(0.0, shape=(), dtype=float32), tf.Tensor(0.0, shape=(), dtype=float32), tf.Tensor(0.0, shape=(), dtype=float32), tf.Tensor(0.0, shape=(), dtype=float32), tf.Tensor(0.0, shape=(), dtype=float32), tf.Tensor(0.0, shape=(), dtype=float32), tf.Tensor(0.0, shape=(), dtype=float32), tf.Tensor(0.0, shape=(), dtype=float32), tf.Tensor(0.0, shape=(), dtype=float32), tf.Tensor(0.0, shape=(), dtype=float32), tf.Tensor(0.0, shape=(), dtype=float32), tf.Tensor(0.0, shape=(), dtype=float32), tf.Tensor(0.0, shape=(), dtype=float32), tf.Tensor(0.0, shape=(), dtype=float32), tf.Tensor(0.0, shape=(), dtype=float32), tf.Tensor(0.0, shape=(), dtype=float32), tf.Tensor(0.0, shape=(), dtype=float32), tf.Tensor(0.0, shape=(), dtype=float32)]""",0.9636555910110474
